USE [LawyerCRM]
GO
INSERT [dbo].[Role] ([UID], [RoleName]) VALUES (N'74eaa1ce-2ad4-ea11-a143-e0d55e449910', N'director')
GO
INSERT [dbo].[Role] ([UID], [RoleName]) VALUES (N'75eaa1ce-2ad4-ea11-a143-e0d55e449910', N'admin')
GO
INSERT [dbo].[Role] ([UID], [RoleName]) VALUES (N'76eaa1ce-2ad4-ea11-a143-e0d55e449910', N'user')
GO
SET IDENTITY_INSERT [dbo].[Company] ON 
GO
INSERT [dbo].[Company] ([UID], [Id], [CompanyName], [CompanyDirector], [CompanyEmail], [CompanyPhone], [IsActive], [IsDeleted]) VALUES (N'b9b20a18-a3d4-ea11-a144-e0d55e449910', 6, N'Тестовая компания 1', NULL, NULL, NULL, 1, 0)
GO
INSERT [dbo].[Company] ([UID], [Id], [CompanyName], [CompanyDirector], [CompanyEmail], [CompanyPhone], [IsActive], [IsDeleted]) VALUES (N'6a346bd8-87f7-ea11-a17d-e0d55e449910', 1006, N'Тестовая компания 2', NULL, NULL, NULL, 1, 0)
GO
SET IDENTITY_INSERT [dbo].[Company] OFF
GO
SET IDENTITY_INSERT [dbo].[Employee] ON 
GO
INSERT [dbo].[Employee] ([UID], [Id], [CompanyUID], [ClassificatorUID], [RoleUID], [Name], [Surname], [SecondName], [Birthday], [Phone], [Email], [Token], [IsActive], [PublicKey]) VALUES (N'2be909c1-fef0-ea11-a174-e0d55e449910', 13, N'b9b20a18-a3d4-ea11-a144-e0d55e449910', NULL, N'74eaa1ce-2ad4-ea11-a143-e0d55e449910', N'Иван', N'Иванов (1_Director)', N'Александрович', CAST(N'2020-09-17' AS Date), N'+380916427831', N'xenich@gmail.com', NULL, 1, 0x0602000000A40000525341310004000001000100EB48AEDDBBAB992B446F88CBCA6FC8E9400BB935C173181875E8DC91467292B950879DAAEE99EA20B049814D68312D5D8C6A52DB032FA007AE19652831B971E92660F4BCB18091DFD5493E707F590F90897413FC8BA9425F0369A11B92F1A67636CAA429E45613CE61CB49ADD4E657441FB5A6A7DBB4E7DE6E5FBF2B0AFC68A8)
GO
INSERT [dbo].[Employee] ([UID], [Id], [CompanyUID], [ClassificatorUID], [RoleUID], [Name], [Surname], [SecondName], [Birthday], [Phone], [Email], [Token], [IsActive], [PublicKey]) VALUES (N'3eb10730-86f7-ea11-a17d-e0d55e449910', 15, N'b9b20a18-a3d4-ea11-a144-e0d55e449910', NULL, N'76eaa1ce-2ad4-ea11-a143-e0d55e449910', N'Петр1___', N'Петров(1_User)', N'Петрович', CAST(N'2020-09-03' AS Date), N'+380947814610', N'xenich@gmail.com', NULL, 1, 0x0602000000A400005253413100080000010001002F181448A3CC7573678D872B56DE594619CAED3C57FC1313E6831F76A6D00E96BAC564C8E27FC13F78D42F38ABC483661179669F71941293B7FD4D1EADD9388654835F2ABC73D1AC37133783FA6038F334088F7132B87AE58554B0D07123780F13680171814199DC7EB1EFBBFADD61BC7678F66B235CA23C71503C5EDBAD5909B386497DC2F5C4EA6FFA0D5F8997DFE40013D1219EF2C0EBD24159A92FF6451B941D865B9FA9BD1DF11825E69763EE3E0076E5C983813A4957C49C7735E71BC715CE106E54279D14B5441F75217B929D748A7742CD35BABB5FBF2E1AB6AD55C9CD107F34187B071620F1370A76357AB03B81C7F3DEC48AC5FA8FAA018A0A1EB0)
GO
INSERT [dbo].[Employee] ([UID], [Id], [CompanyUID], [ClassificatorUID], [RoleUID], [Name], [Surname], [SecondName], [Birthday], [Phone], [Email], [Token], [IsActive], [PublicKey]) VALUES (N'854c72a3-86f7-ea11-a17d-e0d55e449910', 16, N'b9b20a18-a3d4-ea11-a144-e0d55e449910', NULL, N'76eaa1ce-2ad4-ea11-a143-e0d55e449910', N'Сидор', N'Сидоров(1_user)', N'Сидорович', NULL, NULL, NULL, NULL, 1, 0x0602000000A40000525341310008000001000100254DC4CF634A84838606EA36DE446033B96B2E7ED3B8848BAC6192AE40E65F36085A3C74BE3368BC8A3DD486B57715BAE9EB65C8564C8FCC99915046DDA6BB857DE45B19552EB4A7E169669B880C532DB65DC15F8C090413123B8A85826B0F54AD475777F46361CA0E362F6DCD9B8F8C2F65DF70180CD14CE2BC2B390249381EB3D6B52341698D1B5EAB25805F4D444551EFC68668DA6BE6B9CB986C86121BA97219A170B27A479ABC3ACB1DAA61E93F6D6F3CEEE62A335A40699994B4BAF95E16C4CDDF6577B4AF614EC1AD31F79998C69F7C8AB5B7EFA4F5DBD68868DC4F29555C77CD31B3904D9666EFC0EBDF85D106753EFB8D4F79D4002D609E806D3CAD)
GO
INSERT [dbo].[Employee] ([UID], [Id], [CompanyUID], [ClassificatorUID], [RoleUID], [Name], [Surname], [SecondName], [Birthday], [Phone], [Email], [Token], [IsActive], [PublicKey]) VALUES (N'de18a726-87f7-ea11-a17d-e0d55e449910', 17, N'b9b20a18-a3d4-ea11-a144-e0d55e449910', NULL, N'75eaa1ce-2ad4-ea11-a143-e0d55e449910', NULL, N'Admin(1)', NULL, NULL, NULL, NULL, NULL, 1, 0x0602000000A40000525341310008000001000100E3B7B0D91B20CC5347AA378C7840E85B34AA369341A26964EC0C6A3F8EE016246839E6F07691BC31EB6293FA822837EA1591CE3BC1F8D30A342A55B8E59FC789909E7EB96B67BAE02E93F0E634CBE01FD152DCAD569A7B7881091CDD2E6589C89308366C1CC268FD1BA4347111B36149F8A3A5F030B11202897F525B6105D2E834F6F179D3C2504B72A01FE9381F28FC456931CF2B78B2638C70A7F4A3B26691C0D85C47F4D50EFB66BFBA1460BB5458C9E9EB076387BEC7545F43A68766EA586849EC4CEF0DC21CC003825C3B76718D3C2FE790204768EB6EEBB88DA5FF376C9F8A659E4C1489082141A2E74E030247F9F082EDFCE4DE99E8DD24406BDC6DA9)
GO
INSERT [dbo].[Employee] ([UID], [Id], [CompanyUID], [ClassificatorUID], [RoleUID], [Name], [Surname], [SecondName], [Birthday], [Phone], [Email], [Token], [IsActive], [PublicKey]) VALUES (N'47b3ec2d-88f7-ea11-a17d-e0d55e449910', 18, N'6a346bd8-87f7-ea11-a17d-e0d55e449910', NULL, N'74eaa1ce-2ad4-ea11-a143-e0d55e449910', N'Иоганн', N'Аксельбах(2_Director)', N'Фридрихович', CAST(N'2020-09-11' AS Date), NULL, NULL, NULL, 1, 0x0602000000A400005253413100080000010001004B08488FF4BE1D4F15AD5A7EE5FD9EBFEEBF450B3D48D8388152FA37E4DCF7E0107E13E8813B6C268535146E54C48500DA389F7A939F6D806FACBDF931E892E15629249F79D4AF1175A54DC82436FBE6CFE9B259FA564F16581CD5C842D06FA4C79113F2336E2077DF4EA2ACE7B57502C117A6AC91B384EFD3938611728B3109D088E97554D47CC8D7003646C71756FCDB2DAB24D605746B03625679702F1FCB7A923A8E6728F8AA531FA10D78225C4187A6CE569D2C6B4CEF2E94631BAF976FDDFD0C6DE435DA8D31C7F5122CC366E9EA725CD2D94D935C5EA2D0A852AD72307D10D852EE2761955640EC9E8327416CF9363A95220C40B15FB8F61F3D87D48C)
GO
INSERT [dbo].[Employee] ([UID], [Id], [CompanyUID], [ClassificatorUID], [RoleUID], [Name], [Surname], [SecondName], [Birthday], [Phone], [Email], [Token], [IsActive], [PublicKey]) VALUES (N'afcaf9aa-88f7-ea11-a17d-e0d55e449910', 19, N'6a346bd8-87f7-ea11-a17d-e0d55e449910', NULL, N'76eaa1ce-2ad4-ea11-a143-e0d55e449910', N'Карл', N'Розенберг(2_user)', N'Гансович', NULL, NULL, NULL, NULL, 1, 0x0602000000A40000525341310008000001000100DF737CA08E27FF2FA871B1ECAD8062CD87F21D66867F760FC5F111F0FD1C3D4135262B04393D16DBDB6A331BA74D5D7463CAD3C8DF50F1B3C0AA60703E0CB63D77FFF06BA97C3E581206D584F9812FDCA70172D68ECBFBB70DB181F3AD352E2C2D0926E72BD2B0D95CE89B46CBCFDE14B0B17026D8A79CDD4A1F9F2DDAAB0DA19FA3D6311A314F40A01B948EB131AB4528CFE012934B58846ABD2EB89AA41D8AB317BD90F6E8110FC332626FF720BB29250E68862AAD5BCFD64E1EACFF812440F7805CBF561BE3B9874DF11B3F89649E73785033138F0B63B527D3B70F945121723C27A14A4EAC1662F6AA0FC0A1690CA0E3C76275F7DD2AF405E7E9E39F51A7)
GO
INSERT [dbo].[Employee] ([UID], [Id], [CompanyUID], [ClassificatorUID], [RoleUID], [Name], [Surname], [SecondName], [Birthday], [Phone], [Email], [Token], [IsActive], [PublicKey]) VALUES (N'29ccebca-89f7-ea11-a17d-e0d55e449910', 20, N'6a346bd8-87f7-ea11-a17d-e0d55e449910', NULL, N'75eaa1ce-2ad4-ea11-a143-e0d55e449910', N'Вольфганг', N'Вейерштрасс(2_admin)', N'Людвигович', NULL, NULL, NULL, NULL, 1, 0x0602000000A40000525341310008000001000100A5AB26CB561FF1DB0882D242FBA3CFCC927C7C3E0E3E3B1DD31F2CA4F19CA32FEDE6A2D4846145159FBD84B9FD8721D9CAC01F99C0DA8F8E9C798673CE4B180958502C97725E4D18754DF9F05E13F16BA7D91B32DF3DA0DD1C1642C6D3AAFE43C3A1B2839CC291091917A0F6655F5186D719C5A2A568092D19F90E63507F1A69D959D552FFF873492C7FF7E3601D92E48C40A26D7472760F758B89C0BBABB2295F34BD3798D51AEC2CFC220C2460EEA2AE60FBFF40D7D3C08C6AFAB01E37A45A59D934F7B167282BA9A5C85EB1897156F57564A90FCD5363EEAB7427E046E61F1039341A38CD482DF74A43F31D435009169A9E7E66C6B629CA41AD68D2F8A3C0)
GO
SET IDENTITY_INSERT [dbo].[Employee] OFF
GO
INSERT [dbo].[Case] ([UID], [CompanyUID], [Title], [Info], [Date], [UpdateDate], [IsClosed], [IdPerCompany]) VALUES (N'66b7af08-8ff7-ea11-a17d-e0d55e449910', N'b9b20a18-a3d4-ea11-a144-e0d55e449910', N'Дело №1 Компания №1', 0xF3BE2763663A4C65A5892FCDE1BF9BFD75833FB17F73D6C1B1DD53356F5095FEA6EF256664B03F3330605DABDF25D58C8F5F678E33A38EFEC3BEF4AA430939FC44A02F5FC6140A8FD6580CED0851892B, CAST(N'2020-09-15' AS Date), CAST(N'2020-09-15T23:07:09.557' AS DateTime), 0, 1)
GO
INSERT [dbo].[Case] ([UID], [CompanyUID], [Title], [Info], [Date], [UpdateDate], [IsClosed], [IdPerCompany]) VALUES (N'9ebe404a-02f8-ea11-a17e-e0d55e449910', N'b9b20a18-a3d4-ea11-a144-e0d55e449910', N'', NULL, CAST(N'2020-09-15' AS Date), CAST(N'2020-09-15T00:00:00.000' AS DateTime), 0, 2)
GO
INSERT [dbo].[Case] ([UID], [CompanyUID], [Title], [Info], [Date], [UpdateDate], [IsClosed], [IdPerCompany]) VALUES (N'97b467a2-ddf9-ea11-a180-e0d55e449910', N'b9b20a18-a3d4-ea11-a144-e0d55e449910', N'Дело №3 Компания № 1', 0x4E958E119A2C66DA610493B77F7FF35372C0EF62EEE1E577F1067B93B96B90D694454E3BA772C8EF48250677D56000813AFC24A8A962A1276C4EEC542AA67C68E43B323BD0A06C42D20972DA253CF342, CAST(N'2020-09-18' AS Date), CAST(N'2020-09-18T21:34:50.563' AS DateTime), 0, 3)
GO
INSERT [dbo].[Case] ([UID], [CompanyUID], [Title], [Info], [Date], [UpdateDate], [IsClosed], [IdPerCompany]) VALUES (N'67674c11-f200-eb11-a18b-e0d55e449910', N'6a346bd8-87f7-ea11-a17d-e0d55e449910', N'Дело 1 компания 2', 0xF87B77FC32A0BA75A09F5EAE8221A2C70118EB5F77E6A9EB195B8247E774659B1853F2C78FD64A57E2E5E874A7677C7ACB194AD9F72B82B1FB85B2DA08663D65, CAST(N'2020-09-27' AS Date), CAST(N'2020-09-27T21:48:44.647' AS DateTime), 0, 1)
GO
INSERT [dbo].[Case] ([UID], [CompanyUID], [Title], [Info], [Date], [UpdateDate], [IsClosed], [IdPerCompany]) VALUES (N'bd872b38-1ed1-eb11-a2b2-e0d55e449910', N'b9b20a18-a3d4-ea11-a144-e0d55e449910', N'Петров(1_User) Петр Петрович НОВОЕ ДЕЛО', 0xF08400CF43FEB61EA64DA05B61FC83D2D231BCBAC55219F847BA34D7168DE40844C774D9921A17B030F2B0C6812668446B69DE601BA1330080253637A1BF5DCBD0F314E873908ED557ADD62AF8277E7C14F7E9D8AD244ED9BE635CD8D534DBE0, CAST(N'2021-06-19' AS Date), CAST(N'2021-06-19T19:48:49.630' AS DateTime), 0, 4)
GO
INSERT [dbo].[Case] ([UID], [CompanyUID], [Title], [Info], [Date], [UpdateDate], [IsClosed], [IdPerCompany]) VALUES (N'7ac18a9d-20d1-eb11-a2b2-e0d55e449910', N'b9b20a18-a3d4-ea11-a144-e0d55e449910', N'sg', 0x23C1A5CC10BED6838A170B19F1546F074109BD6D0688F5A979DCDC83331B9E3B, CAST(N'2021-06-19' AS Date), CAST(N'2021-06-19T20:05:58.643' AS DateTime), 0, 5)
GO
INSERT [dbo].[Case] ([UID], [CompanyUID], [Title], [Info], [Date], [UpdateDate], [IsClosed], [IdPerCompany]) VALUES (N'7bc18a9d-20d1-eb11-a2b2-e0d55e449910', N'b9b20a18-a3d4-ea11-a144-e0d55e449910', N'dfh', 0x219240D41973CC4E219B83FD884406532A11BE172C6EF56FBBAB2626BD74A592, CAST(N'2021-06-19' AS Date), CAST(N'2021-06-19T20:06:07.263' AS DateTime), 0, 6)
GO
INSERT [dbo].[Case] ([UID], [CompanyUID], [Title], [Info], [Date], [UpdateDate], [IsClosed], [IdPerCompany]) VALUES (N'c22057ae-20d1-eb11-a2b2-e0d55e449910', N'b9b20a18-a3d4-ea11-a144-e0d55e449910', N'sghd', 0x9343D5AC458C4789E8BDE833C556C3E2657180B7FCF0E8F201F48F40496CC1DF, CAST(N'2021-06-19' AS Date), CAST(N'2021-06-19T20:06:26.903' AS DateTime), 0, 7)
GO
INSERT [dbo].[Case] ([UID], [CompanyUID], [Title], [Info], [Date], [UpdateDate], [IsClosed], [IdPerCompany]) VALUES (N'f6112b10-21d1-eb11-a2b2-e0d55e449910', N'b9b20a18-a3d4-ea11-a144-e0d55e449910', N'asfa', 0x377947F8C9B4CC67E26849F6C2013EED64CC07E9C391EDFFBAD2399DFF7204F1, CAST(N'2021-06-19' AS Date), CAST(N'2021-06-19T20:09:11.030' AS DateTime), 0, 8)
GO
INSERT [dbo].[Case] ([UID], [CompanyUID], [Title], [Info], [Date], [UpdateDate], [IsClosed], [IdPerCompany]) VALUES (N'96a9c91e-21d1-eb11-a2b2-e0d55e449910', N'b9b20a18-a3d4-ea11-a144-e0d55e449910', N'gfb', 0xEFA0480F02F9157C0D723E8332369C14B20FD0B5753247A26652064AD96E9D26, CAST(N'2021-06-19' AS Date), CAST(N'2021-06-19T20:09:35.560' AS DateTime), 0, 9)
GO
INSERT [dbo].[Case] ([UID], [CompanyUID], [Title], [Info], [Date], [UpdateDate], [IsClosed], [IdPerCompany]) VALUES (N'8f5f3412-23d1-eb11-a2b2-e0d55e449910', N'b9b20a18-a3d4-ea11-a144-e0d55e449910', N'rgergea', 0x37AD467E2997778E97551C132B290C566E1BBF4F08321AAC5956FECC225FC389, CAST(N'2021-06-19' AS Date), CAST(N'2021-06-19T20:23:33.380' AS DateTime), 0, 10)
GO
INSERT [dbo].[Case] ([UID], [CompanyUID], [Title], [Info], [Date], [UpdateDate], [IsClosed], [IdPerCompany]) VALUES (N'78ae5370-2ad1-eb11-a2b2-e0d55e449910', N'b9b20a18-a3d4-ea11-a144-e0d55e449910', N'аив', 0x77480625C938F101AB10333C897395FD47003CDB8D55A10E15B979C406F5340E, CAST(N'2021-06-19' AS Date), CAST(N'2021-06-19T21:16:17.767' AS DateTime), 0, 11)
GO
INSERT [dbo].[Case] ([UID], [CompanyUID], [Title], [Info], [Date], [UpdateDate], [IsClosed], [IdPerCompany]) VALUES (N'0a7e4be3-c1d1-eb11-a2b3-e0d55e449910', N'b9b20a18-a3d4-ea11-a144-e0d55e449910', N'123456', 0x63724AB286F213E0578DC1DB802C40CF1AF1CF83476D40B6F14869C6685DB129, CAST(N'2021-06-20' AS Date), CAST(N'2021-06-20T15:20:24.700' AS DateTime), 0, 12)
GO
INSERT [dbo].[Case] ([UID], [CompanyUID], [Title], [Info], [Date], [UpdateDate], [IsClosed], [IdPerCompany]) VALUES (N'a6c1ce1c-2dfd-eb11-a2e5-e0d55e449910', N'b9b20a18-a3d4-ea11-a144-e0d55e449910', N'йцуцук', 0x5175C00AAA481E7319EFDE2B563DF99046018141D51B83618EB22ED27A285C6D, CAST(N'2021-08-14' AS Date), CAST(N'2021-08-14T21:26:17.277' AS DateTime), 0, 13)
GO
SET IDENTITY_INSERT [dbo].[EmployeeCase] ON 
GO
INSERT [dbo].[EmployeeCase] ([IsOwner], [EmployeeUID], [CaseUID], [Id], [EncriptedAesKey]) VALUES (0, N'2be909c1-fef0-ea11-a174-e0d55e449910', N'66b7af08-8ff7-ea11-a17d-e0d55e449910', 12, 0x6463303ADE3F9C2541A9877D78FE6BC58257306662CCC895D43A4C6990283501630D771CF4ADBE89E4F4378815EC57FF031415E5168F11799980D16F0FEABC435BB7D38F2C2FAB526F25B596110CB619088B3C0C7CF916C5B2F73CBFCE4E18E7C1EED166DA7A100FE34C41F229D913C37596FA353F2DFCBC73C2D1A39E27F95C)
GO
INSERT [dbo].[EmployeeCase] ([IsOwner], [EmployeeUID], [CaseUID], [Id], [EncriptedAesKey]) VALUES (1, N'de18a726-87f7-ea11-a17d-e0d55e449910', N'66b7af08-8ff7-ea11-a17d-e0d55e449910', 35, 0xA8224F7F905F5411BB50D9764747F27CDD1461CB6852A82B82B4F089A3E083881E437A359275CCC3935B878C4415475EBE0C8C683FDC179198F8936F4B1EC520B0C32A2AE2725B650C59FBE99BC89C142308811368BD7157EF6E3355D6A34A0F33203C3C29AAA22BA8A7C9AADC88BDACB23B634F01D3CD8E013313CD7A90484B6DD3B776EE1379EFAD03D330C85ED1CAEA7307F4B9E851D3C0F134F587D25903778B62CE0DC552516A12210029BFBD92B9FA06670DD7F61C934BBD8510FB17BAE546DF50627D755C47D39F7AFFAC0810A1E3BA3AA7A521E2E56EB20E8A4416B24BE51088B9A798FE63BD752F73A6612B4DD73B7B92E3AEEF096A0515FAA8E299)
GO
INSERT [dbo].[EmployeeCase] ([IsOwner], [EmployeeUID], [CaseUID], [Id], [EncriptedAesKey]) VALUES (1, N'854c72a3-86f7-ea11-a17d-e0d55e449910', N'97b467a2-ddf9-ea11-a180-e0d55e449910', 37, 0x4090B24D3856E1DC92B89B63CE0B2E392B53580EA23145980E8D4B1E5E851041E0011ED5675E7470AC5DE789C6C14EEFE329ABA8F2A3C01879DFD2763E7D9E2634B6A18800F4E2200B848763DE918435A913642BD08FAA16579ED225E560316F87FC87CF91D313831FB7CF2CDFF2158629BB099E1D23E25BECADF65F2EDEDB148365A2876F98354B0B38425CDE1A79C14201EE9B6526A8E7FE6DA1CED241F4EBA58B6B0CA402637AC488C3BD84B6882E70C3FA2F33803154A29BB84C3C8FD26B5DC52AFFA41A122137846ACD51BC4CC1859177110F3E375291F8702A62A1F086F80286AF786BA31FFB430A947F04269EB85EF749310B8BC5F73254D1DB2373B9)
GO
INSERT [dbo].[EmployeeCase] ([IsOwner], [EmployeeUID], [CaseUID], [Id], [EncriptedAesKey]) VALUES (0, N'2be909c1-fef0-ea11-a174-e0d55e449910', N'97b467a2-ddf9-ea11-a180-e0d55e449910', 38, 0x21BB6549B7D2A6C81598E559968F163EF75CAED8A9C009717B8AC1F692021F3175B3D884341C95A0B6C92B0EDE03FF9098BB17AD1D7A3FF2C90C76FAFDCADB7BE74A70D0FEC30BDECBA51DC3F94E44C3BF65D5E5F3E1D7043E759CC7793365AE63AB5A20C566052E94EABAABE9A67E9186BC1A537DAE00BC9987E5B319DF9CC1)
GO
INSERT [dbo].[EmployeeCase] ([IsOwner], [EmployeeUID], [CaseUID], [Id], [EncriptedAesKey]) VALUES (1, N'47b3ec2d-88f7-ea11-a17d-e0d55e449910', N'67674c11-f200-eb11-a18b-e0d55e449910', 46, 0x44B51F865D94693E0569DAEE7B5433959F6F729C5BA5825C49D2515B4CF1EC91031A50E0CF9F7E4EF135F6624F6A46A78DED7EB04ED66F3E15E35AF437EAB954A0695F9304AB99201189AFEA36ADF131E52CD461F2CD76B6F3AF825D4C4AF71566D74B9443DCE36F21637FFCB147AAB7E18024F9ECBAF17B18C872FBF26B532692B6403E243B3A7497E5A8B142D57775A58FE4511AA317E82ACBFBB54567CCA56CD3D3769B49FB39D2BBFCA3140C4DBDA5DD3E788CDF8E304C2ACF2687995E98E21F6531A6B49A36014439A88AF32794689A75E8C29ED36E52842F1ABD01418E770034228DA88F61390B5F7070C8B8A8C40C5A249E4D8B478933CF81986B1B9F)
GO
INSERT [dbo].[EmployeeCase] ([IsOwner], [EmployeeUID], [CaseUID], [Id], [EncriptedAesKey]) VALUES (0, N'3eb10730-86f7-ea11-a17d-e0d55e449910', N'97b467a2-ddf9-ea11-a180-e0d55e449910', 48, 0x91114E188D61CB85B728FD1BEC5B67C9C53C596EFD1A597D23C6C5E64B73845E03E26B5A01D5FFA4CC6571E34887F6860E64108DD572BA0B30DD1908C8892E21C64E9B868A5A570BE4C75D3D1A9FD0362522962E56638754ACAEB0FDE47A91414F0C842A9ED91A47558BC5223CB5CF2B101D599F65F77ECDCA5DE50AEF7A72BE075C23E0AE8A65C69898B1C5EEC471746013D8925941D8E990F4392B88BFBEBC1FADE7D06104EE7A99897A5556A85E2DD2F787577FC47C54DDA555665BAD3987F25418E90E9EDB161C0D9E443189D7E1D6275649812AE7FC44EED64C25FA15605214EF9B9F5316DE84F1C335EEE6E2E340BCDC6A39DC7235ABA1E0C31B516314)
GO
INSERT [dbo].[EmployeeCase] ([IsOwner], [EmployeeUID], [CaseUID], [Id], [EncriptedAesKey]) VALUES (1, N'3eb10730-86f7-ea11-a17d-e0d55e449910', N'bd872b38-1ed1-eb11-a2b2-e0d55e449910', 49, 0x44B13F728034C8FD6F48A164BEAEA8E4880FCD7C390173F80CB46D05773B7B41D23FF84D727B3D1B8F8C032C26035B9880F8E6B16001569F71E08884EE268913B69FCB1253E43A2BA5BCA950C29A43491CBB6A348F947F036219A1B11EFFA56B43C613A9FE8226824302C4FAA4F09918E6F18317D816C8EB15C76BDA2E323AEEADDF01A52FA142730D8F6E13EC9DB3E5A6FF87C1FDA933675D9A15E52F4CD63289D69F7489C9F8D43D20CEFC14CBCE06ED0498615E9EE0B94319E0190EEE3B9A9D002DD1F46385819ABE81FA3E6061E8F62E1B29819E35D125404301A392934FF094191063CA58F1F32B15D591ADAA2A6B443E97642E77F891638E18270CA76E)
GO
INSERT [dbo].[EmployeeCase] ([IsOwner], [EmployeeUID], [CaseUID], [Id], [EncriptedAesKey]) VALUES (0, N'2be909c1-fef0-ea11-a174-e0d55e449910', N'bd872b38-1ed1-eb11-a2b2-e0d55e449910', 50, 0x93A6C6E1DB7147CCAED13961BC4C8B8E613CD1DE8E7A4FAC474501876E1B549663DB98D7CFD426EF734D3F259FBA57C0CC580F796B6D0B9B8C017BD1D6E3D0B95EC13845DFFB39F2FDCD107486F9CE01BD030D6BB2158AD59B31DE9D25842A26927C0228D533737BB3D27DE83C1CDFE5651A77BD5169E3F2B933FE5F0F4FD53E)
GO
INSERT [dbo].[EmployeeCase] ([IsOwner], [EmployeeUID], [CaseUID], [Id], [EncriptedAesKey]) VALUES (1, N'3eb10730-86f7-ea11-a17d-e0d55e449910', N'7ac18a9d-20d1-eb11-a2b2-e0d55e449910', 51, 0x2D53A6333A80CF8E1892C14833EE1BBEFD878C907CC84730427B0988DC2CBB838D44186AD4AC6361D3472D66C48113EF4A788217E53FA79C6CAAF869EDAEBAADA5E17FC74D766EB46C27342FB6E5F7C5BD83267D55D194ECACAE254A3223C5A860B39153CD315A73496580CB55030EE6555C0B76492256E0D95E31C63182917A5450A5BDD15B68FE4680B121A921C96933FC647FB0641C09D822DECCCF50DA1D23832AAD1307AA10E6D9B96F3AC4E803CD61FCE0723CBE8C2E26EB1E3385D78A586196232C0731314D0408E1FEE61E7CCACCF6D1E46304E7D6396277085AD1E63CCAFC9495C202CC6445DF7F7CDD22542C9DD8003CCA8D3937381EB4D05536E9)
GO
INSERT [dbo].[EmployeeCase] ([IsOwner], [EmployeeUID], [CaseUID], [Id], [EncriptedAesKey]) VALUES (0, N'2be909c1-fef0-ea11-a174-e0d55e449910', N'7ac18a9d-20d1-eb11-a2b2-e0d55e449910', 52, 0x6D7953B29F2F7BF4F644B0DCFF383D00CD6E24D5E2B2031CD0D08FFCA119E692BC6CB8B0797E12B8F78499120ADC8EA71D792B497B8C457C9411BF8EA89E3B5B61CC08DE3A2A4A5BF2D63676888C22B7FB8F056F37E21CF9861CD477C5469AEBC73A124B0152F5833880735EF95B5AEB3B63334CBBFB78475D83E61D460171C0)
GO
INSERT [dbo].[EmployeeCase] ([IsOwner], [EmployeeUID], [CaseUID], [Id], [EncriptedAesKey]) VALUES (1, N'3eb10730-86f7-ea11-a17d-e0d55e449910', N'7bc18a9d-20d1-eb11-a2b2-e0d55e449910', 53, 0x5C5F9C994EDE0343B94CEEFD329D52C69C683DDA2404DF9201D76CB1D19519EBB87CD9FC9AB7AF3BE2F8DAB0D8F36FC5AF01019AF917A7307D6E57B36AA82ABEB574E0CF3CAD1C5C03CD16AE8E735C32EC0337E88721E9BEF67700D03140408AFE926A90D66CC7743FD8DBC41E0734E3FA28514C82CEEB9F5F6CE38F1BF85453DB2854D892F9E5C1BF624A37E4C7EB1E086726AF88F65F44E735AB576836B3795511FEC51838A5B943B2F9D71D18F2544DDDE2E3427F82B1F03B05E79F8149C2DE2AC5C54967D6C25FF9FBE3E0363E91FE8F42C94CE9E67EC6EE78832A4152AC8E2FB363D2CDB801395886287FCC4B006E6E214E24C035E251D084D083A5807F)
GO
INSERT [dbo].[EmployeeCase] ([IsOwner], [EmployeeUID], [CaseUID], [Id], [EncriptedAesKey]) VALUES (0, N'2be909c1-fef0-ea11-a174-e0d55e449910', N'7bc18a9d-20d1-eb11-a2b2-e0d55e449910', 54, 0x075A6D1041F5BD50CDCCB263E361FFAF006C43F39464CF996E47FA8BE0D8AC67E503E02E5B562B0718D2600BC798991D3C350ADD7120835E942E4E4BF146E8F68DA4C31FF6C2E3F665E25A9894DD38C44318A12B952B6C1DEAD41E55CEE8A6068A38AB2A512655BA8A3B9143A157D3B5A2689D1511F1B2F27BC3166E0DD34A64)
GO
INSERT [dbo].[EmployeeCase] ([IsOwner], [EmployeeUID], [CaseUID], [Id], [EncriptedAesKey]) VALUES (1, N'3eb10730-86f7-ea11-a17d-e0d55e449910', N'c22057ae-20d1-eb11-a2b2-e0d55e449910', 55, 0x3DCA3A5A77ED94613A57A267E1D47AFABE6145F83FD6ECAF32B1A2F899AA1B376B2E86E104FFE8A4A970A85A5477649F6EDB4A130971B3B812A88CC7A6D571579FF4D9598B3621809619B1F4D06AF300B34758912D785636A6F64715EDC316778EC55E28CC99C697E927A76F0CF31F18B3CA0403C168A1D8C45AE9558EDAC2C9630C3C395EB5BA7AC73B9ABE94FA6DD1E0DB4F5A078DA3C393C996756F03244324D66DC51B619C8619D9D4F6DC4D919080524AAFEA01F969E382E363E7FE0802DE06AAA4843D259EB751A41666F9050C852082D7546EC638C41E8C200873F9AF9220CF95A190C7589AE757030B99EBC32AB5538ABD81BBBC3A14CD6CE56F1891)
GO
INSERT [dbo].[EmployeeCase] ([IsOwner], [EmployeeUID], [CaseUID], [Id], [EncriptedAesKey]) VALUES (0, N'2be909c1-fef0-ea11-a174-e0d55e449910', N'c22057ae-20d1-eb11-a2b2-e0d55e449910', 56, 0x9752CA85683E357C9C396F0C23716D01869525E967FFB0261BD9425F479D34141107306F6B7C6750B1A6596613122BA352826AB87E96098431CF081ACE02AA75F5AD2F8ADBD5F55B535C0CA30A931D497643AD680339CD677107ECF5B1EE7286CEFF26A30308958E183A9C2FBD1E9F7CE9F3C4DD52A44F2C6988FBD63F341621)
GO
INSERT [dbo].[EmployeeCase] ([IsOwner], [EmployeeUID], [CaseUID], [Id], [EncriptedAesKey]) VALUES (1, N'3eb10730-86f7-ea11-a17d-e0d55e449910', N'f6112b10-21d1-eb11-a2b2-e0d55e449910', 57, 0x853003E1C6B38DB67AFB03BE36EBC39066F5AF77CF459C9CBC16FD804097A5FB845B5248C1D9654129ABCAF76EAE6C4ABA4A8C5C556889F6F673944F3C451B97E4AF42ED47B2DD56FE98D120B61165D4E1F2D3FD95EE1C389B80066371A652D1A080DEC8144378A1B08421848361179FDCE012A0F859249D8277623D4459B6C8FA77941DE445A97EF7179D5708AE8C83488875190D152ECC29736E14D0D6E99260A2F8657885F9ABB29D24549247937472D1A4B28C12C2C9AEC5854C337042F3E4EA3E43852C1DAEFABA72BDC5ABAF2E68970D7EACD8153361D4892E3904DE85C804C23AC2BA52349D1B09FCD6B4F77E01D6B63705BA806A6FD1D21F487800B1)
GO
INSERT [dbo].[EmployeeCase] ([IsOwner], [EmployeeUID], [CaseUID], [Id], [EncriptedAesKey]) VALUES (0, N'2be909c1-fef0-ea11-a174-e0d55e449910', N'f6112b10-21d1-eb11-a2b2-e0d55e449910', 58, 0x77F206B469FD33FB7834EB3532688740EF06224D61139CB96F9DAD9BA23B1417696DBB370CCCCA6D091E76454EDF98564AEE9FAECD4644C446B019B014A13FD900420D604D78557DC5C2BD9EAA2B398732FA335EABC3E4AE10564F1F3262B23E4FBBDB0EA71C8C04FCA4772731E893E14185B4749A0473D4DF1E1202B7A3DB5D)
GO
INSERT [dbo].[EmployeeCase] ([IsOwner], [EmployeeUID], [CaseUID], [Id], [EncriptedAesKey]) VALUES (1, N'3eb10730-86f7-ea11-a17d-e0d55e449910', N'96a9c91e-21d1-eb11-a2b2-e0d55e449910', 59, 0x488C15BC91DD0488928B8B7D4CF75F55D1F4C832BCA26FBB7E2149E57B56932948829F589E156841503DCD4A3D0047C6C87BD65452BDA02D13B6BF1884B45C4B3B83303532700D7611E8E1A04D6B55151A42BBFF955C8F2460401E844B0D7D88AAC4ECD100124C52BBBCD23442AA3311C6170C59328BFFB68EECD7C438C5B7251A0BD0E2E1F216C105F630A6A9E53B669784906F99E130BD5A01E8906B1F9F24F628270394F5444D5937A18B34589E4F9C7DA8D9A82B4632A7364E6B0CCF33BA7E59439076B2C8EE649AD768CC68D62298C41CBC8B64F445F8CEBC3FF1BCE0E4756A54E4EDCC9725DF7EF7B22328F44D67A1E353E4BA32C62A7E748A954CFB27)
GO
INSERT [dbo].[EmployeeCase] ([IsOwner], [EmployeeUID], [CaseUID], [Id], [EncriptedAesKey]) VALUES (0, N'2be909c1-fef0-ea11-a174-e0d55e449910', N'96a9c91e-21d1-eb11-a2b2-e0d55e449910', 60, 0x7623977C74280169AB7992432B781AC502B86E7FFBDF3312EF0C31C5FE22984D8DE93019BDBBD60EC9622C583446FF0FE8ACDFC382CB5BF51A4CBF559EA8FF7B14E312A2FC759A0492E1DA0EA387D896BE50696225A4D7CC9EC2667EBEC78EFFADEFC45C1DDE211CF6E1B30802D88C04A1B92EEEA18729DCEEA80DF037CD9D31)
GO
INSERT [dbo].[EmployeeCase] ([IsOwner], [EmployeeUID], [CaseUID], [Id], [EncriptedAesKey]) VALUES (1, N'3eb10730-86f7-ea11-a17d-e0d55e449910', N'8f5f3412-23d1-eb11-a2b2-e0d55e449910', 61, 0x65671B4040B5E87F46C4415931D010495B19B518D06A8B295FE14255031B15F08A3DF8740649B1368797676D0460199BCEE38395512EC87EA043A59C9F2567B435D71A343239D8A521937A3962CA7C703C396C8208FD07ACF875CDB39AC6F66E154006723AC81B3BA1115578E5A57001782A58ADAD8D404847A62B549C8C55B4D8C1FEFDC5A2361E3ECADB16C98770DB0FD9F76F8C27A85EA0338A16DD3C309CCF0E9C1CE303BB3E9698A17828DFCA5EA7369B8A467FBCEFED93785C8DE31F6D34C204F3E3588C0AD9C6DC417AC8EF173E573032E26B6ECF2361D5DF985C3136A441E1AC1F07CA2B5C106B1AE6F9045419732DDC8416511FE04280541610B1A6)
GO
INSERT [dbo].[EmployeeCase] ([IsOwner], [EmployeeUID], [CaseUID], [Id], [EncriptedAesKey]) VALUES (0, N'2be909c1-fef0-ea11-a174-e0d55e449910', N'8f5f3412-23d1-eb11-a2b2-e0d55e449910', 62, 0x985E803A1D1F581C52E63BCC3F2E443C9080E84F9915F2D206A26C9F65CE6FA9FC9BB6DFE5F22A0D1B6C4CFA06D194D60B8B5D1493A4F4EDE797A8DC360DC32312201CE85FB66865E6DD911B2EDFF3198A5201B08659F75A8900A54442DB26DF984A42E74316690ED3598F520927DB2629CE1045E1EE065F38F3522A5E5EE441)
GO
INSERT [dbo].[EmployeeCase] ([IsOwner], [EmployeeUID], [CaseUID], [Id], [EncriptedAesKey]) VALUES (1, N'3eb10730-86f7-ea11-a17d-e0d55e449910', N'78ae5370-2ad1-eb11-a2b2-e0d55e449910', 63, 0x90EB21784F7B937E2F54AF532DF7ECA1EBB23BDCDC9A4FFDF2FE212FEAB8590E0E64E19FAF5AD1CFD600E0B2C97B7689E1BC4A4F12E18123125695C4CFBCD241B41676F91334F4049321F05F1C217EC3AD3838E776B311D4640C92F1805405483D7BBC18637C3C0264548E01E75E2D0B51A9F71EB6539EB77244DD4A3843520EF50BC9955DC7E74A9F10C5428FA9D1AF8DB226C6C99334581C004237C0399D1FF591BC02FDA2271FA9BAC895A677F8C0CA0335F7A12E752E9AA12BA351E38BF2980F91F499283C4FCC2355C3AA1D768D45FBC667E5F0D593C9EC722D7805A043FF51664583C9558C49DD5D3786C6166B524EECD914F224639091FC23E7551FD8)
GO
INSERT [dbo].[EmployeeCase] ([IsOwner], [EmployeeUID], [CaseUID], [Id], [EncriptedAesKey]) VALUES (0, N'2be909c1-fef0-ea11-a174-e0d55e449910', N'78ae5370-2ad1-eb11-a2b2-e0d55e449910', 64, 0x44B8C5A7B046E407633CCF19A7D0E4D0091FBAC6644B11300B5B1EA2A97FDDBCC2955A33A742E13B81976D56CBF0C061766C6538871EB7BA6080932F60E138676BC8570F71EB940B2587582A12B3A528676E97D754EACAECEEB2BB5AD65666B928D5BEDDF447EA65614795F126D5BFA76E98F82B93820CD74CD3CB0B401F2059)
GO
INSERT [dbo].[EmployeeCase] ([IsOwner], [EmployeeUID], [CaseUID], [Id], [EncriptedAesKey]) VALUES (1, N'3eb10730-86f7-ea11-a17d-e0d55e449910', N'0a7e4be3-c1d1-eb11-a2b3-e0d55e449910', 65, 0x6A1B85806CA24BD885FDC22961D6CB16196090580281F2121FF7BB67D157DA0CF76FA97224097DC5580FBEFC79BABC19BB16526D405A40109A62802F6574603EC2000FA2DDA19E7B89BAC9F4C89D9825660E8E13720341BF79FDE92C324ADAE723595983C0DB8F41F0B76187906514BDE92A480A530AA1BFFBD2E998F823CEF2B9BB0FF55ABD11CFAD3D3C3AC578796246C697202029ECAFE7DBA99843C174AA0D85B07A68D52B0B2020654CE4D0AEA0278B8A497EC06E073064A121B177A1E5A29A28EB6980505924CCD72B730068DE363356264DA375F943AC315E03652D0F3B30C9AB929C9A1069FA3D53A94C2F1FB1339A37844801FB869D3F8E0CF411FF)
GO
INSERT [dbo].[EmployeeCase] ([IsOwner], [EmployeeUID], [CaseUID], [Id], [EncriptedAesKey]) VALUES (0, N'2be909c1-fef0-ea11-a174-e0d55e449910', N'0a7e4be3-c1d1-eb11-a2b3-e0d55e449910', 66, 0x90E5DC72A188E6346B99F20C23A341D7BBB82EC637A3545614CBCDA2D40866824F0D693D4F472ADC83A8B09CC641AFAF32711EBDD6D8EA7480FB85810960728F65ECAF1E53780B7BD4640F972EAD2DE71B6151E56E4F0D905FC2D9D6894A3C9701DF5B4CE8A217AC5BF7E832C15594F12A55008B6651A1392AB476235E54E038)
GO
INSERT [dbo].[EmployeeCase] ([IsOwner], [EmployeeUID], [CaseUID], [Id], [EncriptedAesKey]) VALUES (1, N'2be909c1-fef0-ea11-a174-e0d55e449910', N'a6c1ce1c-2dfd-eb11-a2e5-e0d55e449910', 69, 0x651768FFE66FC04AC4D992125D966BC88D0B91ADCC49DB75032C3E3E20E72F7202EBFD8AA14D461AE360F55B55F5819F979E7C167086057F39F54B6F83FB9AD0657C112D0C4349C9051214622613B744C29866D711566C9E77398DA58D76A677B4D3DEF31D331E758A60CB0E07DC87E5904FCDB8C3C14A49B5084D1137BE5864)
GO
SET IDENTITY_INSERT [dbo].[EmployeeCase] OFF
GO
INSERT [dbo].[FigurantRole] ([UID], [RoleName], [IsActive], [CompanyUID]) VALUES (N'71c315e2-32d4-ea11-a143-e0d55e449910', N'_Другое', 1, N'b9b20a18-a3d4-ea11-a144-e0d55e449910')
GO
INSERT [dbo].[FigurantRole] ([UID], [RoleName], [IsActive], [CompanyUID]) VALUES (N'72c315e2-32d4-ea11-a143-e0d55e449910', N'Судья', 1, N'b9b20a18-a3d4-ea11-a144-e0d55e449910')
GO
INSERT [dbo].[FigurantRole] ([UID], [RoleName], [IsActive], [CompanyUID]) VALUES (N'73c315e2-32d4-ea11-a143-e0d55e449910', N'Прокурор', 1, N'b9b20a18-a3d4-ea11-a144-e0d55e449910')
GO
INSERT [dbo].[FigurantRole] ([UID], [RoleName], [IsActive], [CompanyUID]) VALUES (N'74c315e2-32d4-ea11-a143-e0d55e449910', N'Истец', 1, N'b9b20a18-a3d4-ea11-a144-e0d55e449910')
GO
INSERT [dbo].[FigurantRole] ([UID], [RoleName], [IsActive], [CompanyUID]) VALUES (N'75c315e2-32d4-ea11-a143-e0d55e449910', N'Ответчик', 1, N'b9b20a18-a3d4-ea11-a144-e0d55e449910')
GO
INSERT [dbo].[FigurantRole] ([UID], [RoleName], [IsActive], [CompanyUID]) VALUES (N'76c315e2-32d4-ea11-a143-e0d55e449910', N'Адвокат Истца', 1, N'b9b20a18-a3d4-ea11-a144-e0d55e449910')
GO
INSERT [dbo].[FigurantRole] ([UID], [RoleName], [IsActive], [CompanyUID]) VALUES (N'77c315e2-32d4-ea11-a143-e0d55e449910', N'Адвокат ответчика', 1, N'b9b20a18-a3d4-ea11-a144-e0d55e449910')
GO
INSERT [dbo].[FigurantRole] ([UID], [RoleName], [IsActive], [CompanyUID]) VALUES (N'78c315e2-32d4-ea11-a143-e0d55e449910', N'Подозреваемый', 1, N'b9b20a18-a3d4-ea11-a144-e0d55e449910')
GO
INSERT [dbo].[FigurantRole] ([UID], [RoleName], [IsActive], [CompanyUID]) VALUES (N'79c315e2-32d4-ea11-a143-e0d55e449910', N'Свидетель', 1, N'b9b20a18-a3d4-ea11-a144-e0d55e449910')
GO
INSERT [dbo].[FigurantRole] ([UID], [RoleName], [IsActive], [CompanyUID]) VALUES (N'7ac315e2-32d4-ea11-a143-e0d55e449910', N'Адвокат', 1, N'b9b20a18-a3d4-ea11-a144-e0d55e449910')
GO
INSERT [dbo].[FigurantRole] ([UID], [RoleName], [IsActive], [CompanyUID]) VALUES (N'7bc315e2-32d4-ea11-a143-e0d55e449910', N'Эксперт', 1, N'b9b20a18-a3d4-ea11-a144-e0d55e449910')
GO
INSERT [dbo].[FigurantRole] ([UID], [RoleName], [IsActive], [CompanyUID]) VALUES (N'7cc315e2-32d4-ea11-a143-e0d55e449910', N'Судья второй инстанции', 1, N'b9b20a18-a3d4-ea11-a144-e0d55e449910')
GO
INSERT [dbo].[FigurantRole] ([UID], [RoleName], [IsActive], [CompanyUID]) VALUES (N'7dc315e2-32d4-ea11-a143-e0d55e449910', N'Судья третьей инстанции', 1, N'b9b20a18-a3d4-ea11-a144-e0d55e449910')
GO
INSERT [dbo].[Figurant] ([UID], [CaseUID], [FigurantRoleUID], [Name], [Phone], [Email], [FigurantRoleName], [SecondName], [Surname], [Description]) VALUES (N'6b3ac7c2-b3f9-ea11-a180-e0d55e449910', N'66b7af08-8ff7-ea11-a17d-e0d55e449910', N'7ac315e2-32d4-ea11-a143-e0d55e449910', N'Фигурант', N'0919014689', N'xenich@gmail.com', NULL, N'Фигурантович', N'Фигурант 1', 0x940D66BC8D1D6A68CC5D813047189B90D0955C43303401EE64430E2D914E9A90C7853F7E1D3F031C94168ED677E4EB9C66C7BCCCA674104F8FDB86601743C0DB7006F470B3CE47FAD63C3884962092D0)
GO
INSERT [dbo].[Figurant] ([UID], [CaseUID], [FigurantRoleUID], [Name], [Phone], [Email], [FigurantRoleName], [SecondName], [Surname], [Description]) VALUES (N'105a65db-b3f9-ea11-a180-e0d55e449910', N'66b7af08-8ff7-ea11-a17d-e0d55e449910', N'74c315e2-32d4-ea11-a143-e0d55e449910', N'Фигурант ', N'+380919014689', N'xenich@gmail.ua', NULL, N'Фигурантович', N'Фигурант 2', 0x6C9C30C4AB475E13DDC03BF700061CF22867D11AD1FE1A4BAB7C3A5138E047504342EB3AB8A14B5B6DED041B34BDA6C6EF1134027E6011C3A5382F7A3023F55B676C6979DBAC1F03F4F3E281C5E0E86D)
GO
INSERT [dbo].[Figurant] ([UID], [CaseUID], [FigurantRoleUID], [Name], [Phone], [Email], [FigurantRoleName], [SecondName], [Surname], [Description]) VALUES (N'98b467a2-ddf9-ea11-a180-e0d55e449910', N'97b467a2-ddf9-ea11-a180-e0d55e449910', N'72c315e2-32d4-ea11-a143-e0d55e449910', N'Фигурант ', N'0919014688', N'xenich@gmail.ru', NULL, N'Фигурантович', N'Фигурант 1 дело 3 компания1', 0xB911C0571F988F8D9FDF40F1B968C2986408C8A9C4784394C23D38A50F287EAF85036A43D5E65A7867E71E33A706A84D5B56CC4829726337E5E6BDAA7E4D3721179D90B39169AEEF9E4B56F8F30428E5)
GO
INSERT [dbo].[Figurant] ([UID], [CaseUID], [FigurantRoleUID], [Name], [Phone], [Email], [FigurantRoleName], [SecondName], [Surname], [Description]) VALUES (N'd3362287-a600-eb11-a18b-e0d55e449910', N'97b467a2-ddf9-ea11-a180-e0d55e449910', N'79c315e2-32d4-ea11-a143-e0d55e449910', N'фигурант', N'0919014689', N'xenich@gmail.com', NULL, N'фигурантович', N'Фигурант 2 дело 3 компания 1', 0xD1E069C6A76561DA7B5440BCCB96D92B78ED0169B6C7BFB1C4A75229B00DA0A8B57C05BC561094C175194A79713B3EDC345E18030B264996911F09C7FAF4F4D33C0CD203D2EDBDDAEE3FEC2ED63B4001)
GO
INSERT [dbo].[Figurant] ([UID], [CaseUID], [FigurantRoleUID], [Name], [Phone], [Email], [FigurantRoleName], [SecondName], [Surname], [Description]) VALUES (N'f8cf1c67-100e-eb11-a19d-e0d55e449910', N'66b7af08-8ff7-ea11-a17d-e0d55e449910', N'7bc315e2-32d4-ea11-a143-e0d55e449910', NULL, N'+380919017189', N'figurant3@gmail.com', NULL, NULL, N'Фигурант 3', 0x932CCA08019460AD17397BC4B1F0598EB59965078A8BED52E4207377ECC448D4)
GO
INSERT [dbo].[Figurant] ([UID], [CaseUID], [FigurantRoleUID], [Name], [Phone], [Email], [FigurantRoleName], [SecondName], [Surname], [Description]) VALUES (N'f5a41be1-bed1-eb11-a2b3-e0d55e449910', N'bd872b38-1ed1-eb11-a2b2-e0d55e449910', NULL, NULL, NULL, NULL, NULL, NULL, N'ae', 0x19BA003D5769AEB22AC654D44BDEF21480C8A6F2914D03593C3585E777A8C044)
GO
INSERT [dbo].[Figurant] ([UID], [CaseUID], [FigurantRoleUID], [Name], [Phone], [Email], [FigurantRoleName], [SecondName], [Surname], [Description]) VALUES (N'a7c1ce1c-2dfd-eb11-a2e5-e0d55e449910', N'a6c1ce1c-2dfd-eb11-a2e5-e0d55e449910', N'76c315e2-32d4-ea11-a143-e0d55e449910', N'ывм', N'в', N'ы', NULL, N'ывм', N'в', 0xDBE61C01C552DF187FF103ADF3A7473C77FCB30DE90B5B1B05F2B01E12019F81)
GO
SET IDENTITY_INSERT [dbo].[Note] ON 
GO
INSERT [dbo].[Note] ([UID], [Id], [CaseUID], [EmployeeUID], [Text], [Date], [Updatedate], [Title]) VALUES (N'2f5f5541-d6f9-ea11-a180-e0d55e449910', 2, N'66b7af08-8ff7-ea11-a17d-e0d55e449910', N'3eb10730-86f7-ea11-a17d-e0d55e449910', 0xF3BE2763663A4C65A5892FCDE1BF9BFD75833FB17F73D6C1B1DD53356F5095FEA6EF256664B03F3330605DABDF25D58C8F5F678E33A38EFEC3BEF4AA430939FC44A02F5FC6140A8FD6580CED0851892B, CAST(N'2020-09-15T00:00:00.000' AS DateTime), CAST(N'2020-09-15T13:46:00.000' AS DateTime), 0xF3BE2763663A4C65A5892FCDE1BF9BFD75833FB17F73D6C1B1DD53356F5095FEA6EF256664B03F3330605DABDF25D58C8F5F678E33A38EFEC3BEF4AA430939FC44A02F5FC6140A8FD6580CED0851892B)
GO
INSERT [dbo].[Note] ([UID], [Id], [CaseUID], [EmployeeUID], [Text], [Date], [Updatedate], [Title]) VALUES (N'305f5541-d6f9-ea11-a180-e0d55e449910', 3, N'66b7af08-8ff7-ea11-a17d-e0d55e449910', N'854c72a3-86f7-ea11-a17d-e0d55e449910', 0xF3BE2763663A4C65A5892FCDE1BF9BFD75833FB17F73D6C1B1DD53356F5095FEA6EF256664B03F3330605DABDF25D58C8F5F678E33A38EFEC3BEF4AA430939FC44A02F5FC6140A8FD6580CED0851892B, CAST(N'2020-09-15T00:00:00.000' AS DateTime), CAST(N'2020-09-15T15:50:00.000' AS DateTime), 0xF3BE2763663A4C65A5892FCDE1BF9BFD75833FB17F73D6C1B1DD53356F5095FEA6EF256664B03F3330605DABDF25D58C8F5F678E33A38EFEC3BEF4AA430939FC44A02F5FC6140A8FD6580CED0851892B)
GO
INSERT [dbo].[Note] ([UID], [Id], [CaseUID], [EmployeeUID], [Text], [Date], [Updatedate], [Title]) VALUES (N'25b0bd4c-d6f9-ea11-a180-e0d55e449910', 4, N'66b7af08-8ff7-ea11-a17d-e0d55e449910', N'de18a726-87f7-ea11-a17d-e0d55e449910', 0xF3BE2763663A4C65A5892FCDE1BF9BFD75833FB17F73D6C1B1DD53356F5095FEA6EF256664B03F3330605DABDF25D58C8F5F678E33A38EFEC3BEF4AA430939FC44A02F5FC6140A8FD6580CED0851892B, CAST(N'2020-09-15T00:00:00.000' AS DateTime), CAST(N'2020-09-15T21:01:00.000' AS DateTime), 0xF3BE2763663A4C65A5892FCDE1BF9BFD75833FB17F73D6C1B1DD53356F5095FEA6EF256664B03F3330605DABDF25D58C8F5F678E33A38EFEC3BEF4AA430939FC44A02F5FC6140A8FD6580CED0851892B)
GO
INSERT [dbo].[Note] ([UID], [Id], [CaseUID], [EmployeeUID], [Text], [Date], [Updatedate], [Title]) VALUES (N'e467f6d9-ef00-eb11-a18b-e0d55e449910', 5, N'97b467a2-ddf9-ea11-a180-e0d55e449910', N'2be909c1-fef0-ea11-a174-e0d55e449910', 0x936486A86A4DB6042691DDCF6D8A3AB6F5BC257D20825647C2834637AA6D44F2E59B6242889B94DE7902E4D7A67C632CA5C3CF8361D6EBBF108688476DC8B9A6, CAST(N'2020-09-27T21:32:49.947' AS DateTime), CAST(N'2020-09-27T21:32:49.947' AS DateTime), NULL)
GO
INSERT [dbo].[Note] ([UID], [Id], [CaseUID], [EmployeeUID], [Text], [Date], [Updatedate], [Title]) VALUES (N'01f9800e-8402-eb11-a18d-e0d55e449910', 7, N'97b467a2-ddf9-ea11-a180-e0d55e449910', N'2be909c1-fef0-ea11-a174-e0d55e449910', 0xE604D445A3E32B6EFA4BF681B67F39D2453B9ABC1F0B92E73FDC2646D29371938710C26934566E0964D58B3F8A39615F, CAST(N'2020-09-29T21:46:17.663' AS DateTime), CAST(N'2020-09-29T21:46:17.663' AS DateTime), NULL)
GO
INSERT [dbo].[Note] ([UID], [Id], [CaseUID], [EmployeeUID], [Text], [Date], [Updatedate], [Title]) VALUES (N'7626c823-8402-eb11-a18d-e0d55e449910', 8, N'97b467a2-ddf9-ea11-a180-e0d55e449910', N'2be909c1-fef0-ea11-a174-e0d55e449910', 0xDA293B9ECE1A6DC7C1F00F9E7DDD90A6234F9A69AB2A7170275BA848737219D256423D15E1A19F78A61606091CA4A8D0, CAST(N'2020-09-29T21:46:53.417' AS DateTime), CAST(N'2020-09-29T21:46:53.417' AS DateTime), NULL)
GO
INSERT [dbo].[Note] ([UID], [Id], [CaseUID], [EmployeeUID], [Text], [Date], [Updatedate], [Title]) VALUES (N'8eccc747-8402-eb11-a18d-e0d55e449910', 9, N'97b467a2-ddf9-ea11-a180-e0d55e449910', N'2be909c1-fef0-ea11-a174-e0d55e449910', 0xE9BA19696B9E588E4FE8F5157C19C191A383F4105A013C448B7C82B8510C3A45D0AD6E77B0D2A8AE2C46F0F8A8922A31, CAST(N'2020-09-29T21:47:53.813' AS DateTime), CAST(N'2020-09-29T21:47:53.813' AS DateTime), NULL)
GO
INSERT [dbo].[Note] ([UID], [Id], [CaseUID], [EmployeeUID], [Text], [Date], [Updatedate], [Title]) VALUES (N'fc9ad468-8402-eb11-a18d-e0d55e449910', 10, N'97b467a2-ddf9-ea11-a180-e0d55e449910', N'2be909c1-fef0-ea11-a174-e0d55e449910', 0xFD861F0620A2789804C05AAE2DF0BCB47705A8FC59682C9312B615EF507C051EE36F9F21F83DDE15EA0F2071BE6C2BAF, CAST(N'2020-09-29T21:48:49.263' AS DateTime), CAST(N'2020-09-29T21:48:49.263' AS DateTime), NULL)
GO
INSERT [dbo].[Note] ([UID], [Id], [CaseUID], [EmployeeUID], [Text], [Date], [Updatedate], [Title]) VALUES (N'646fdf8e-8402-eb11-a18d-e0d55e449910', 11, N'97b467a2-ddf9-ea11-a180-e0d55e449910', N'2be909c1-fef0-ea11-a174-e0d55e449910', 0x893BD0BC48D0A356E08EBDA4DD8D5F8D3CFA049345B0F2D4A6E9DEBA2DC13D73C5CA323B55181EC91BA19597A600B470, CAST(N'2020-09-29T21:49:53.087' AS DateTime), CAST(N'2020-09-29T21:49:53.087' AS DateTime), NULL)
GO
INSERT [dbo].[Note] ([UID], [Id], [CaseUID], [EmployeeUID], [Text], [Date], [Updatedate], [Title]) VALUES (N'7133ee1b-8602-eb11-a18d-e0d55e449910', 12, N'97b467a2-ddf9-ea11-a180-e0d55e449910', N'2be909c1-fef0-ea11-a174-e0d55e449910', 0x8B63F140BAF8B0E72AC61692D4C23354EE9EED73B25844A1B636684964A2A975E37EC56CCDF30D1C439F32FCBFC4D6CB, CAST(N'2020-09-29T22:00:59.240' AS DateTime), CAST(N'2020-09-29T22:00:59.240' AS DateTime), NULL)
GO
INSERT [dbo].[Note] ([UID], [Id], [CaseUID], [EmployeeUID], [Text], [Date], [Updatedate], [Title]) VALUES (N'c8415184-8602-eb11-a18d-e0d55e449910', 13, N'97b467a2-ddf9-ea11-a180-e0d55e449910', N'2be909c1-fef0-ea11-a174-e0d55e449910', 0xF2799E0EB322247940BE3A11D782C055E87EF9CE2FBA13A77A984F0AD17928F1D7E2057ABA0DEEBD6C5D412F5DDF88CC, CAST(N'2020-09-29T22:03:54.370' AS DateTime), CAST(N'2020-09-29T22:03:54.370' AS DateTime), NULL)
GO
INSERT [dbo].[Note] ([UID], [Id], [CaseUID], [EmployeeUID], [Text], [Date], [Updatedate], [Title]) VALUES (N'9d7dbc8e-8602-eb11-a18d-e0d55e449910', 14, N'97b467a2-ddf9-ea11-a180-e0d55e449910', N'2be909c1-fef0-ea11-a174-e0d55e449910', 0x95ECDEA2496524996DE7CFA4E77350CDD826680955CA6A2EC7FD407FC25AE6BFD953924CC73823B7F36BF19B8DBE0E6A, CAST(N'2020-09-29T22:04:11.850' AS DateTime), CAST(N'2020-09-29T22:04:11.850' AS DateTime), NULL)
GO
INSERT [dbo].[Note] ([UID], [Id], [CaseUID], [EmployeeUID], [Text], [Date], [Updatedate], [Title]) VALUES (N'd2fd7596-8602-eb11-a18d-e0d55e449910', 15, N'97b467a2-ddf9-ea11-a180-e0d55e449910', N'2be909c1-fef0-ea11-a174-e0d55e449910', 0xB41988AFEFDD0067EF804C00762143C126BF19100D8D57BD6109A642144D8CAB72B5AA43F917786CCECF18C7967D3080, CAST(N'2020-09-29T22:04:24.810' AS DateTime), CAST(N'2020-09-29T22:04:24.810' AS DateTime), NULL)
GO
INSERT [dbo].[Note] ([UID], [Id], [CaseUID], [EmployeeUID], [Text], [Date], [Updatedate], [Title]) VALUES (N'32cec51d-8702-eb11-a18d-e0d55e449910', 16, N'97b467a2-ddf9-ea11-a180-e0d55e449910', N'2be909c1-fef0-ea11-a174-e0d55e449910', 0x15C8FB6262657AFF4113B78F3BF62CD0B122F043C8C82E62CB4E52352317B6B2C7772D2D619960813C3EDA66CA2EAEE77D3768B1085283BEBBC99C99A9404167, CAST(N'2020-09-29T22:08:11.827' AS DateTime), CAST(N'2020-09-29T22:08:11.827' AS DateTime), NULL)
GO
INSERT [dbo].[Note] ([UID], [Id], [CaseUID], [EmployeeUID], [Text], [Date], [Updatedate], [Title]) VALUES (N'8888af5b-0c0e-eb11-a19d-e0d55e449910', 21, N'66b7af08-8ff7-ea11-a17d-e0d55e449910', N'2be909c1-fef0-ea11-a174-e0d55e449910', 0x177A3196534BA296D33BA706656EF6E56EA45F4F9FA760CD18CFF6CE0125B7A9B24133B25CF487EC1BBD6797AF4E1440D6BA6075E53F230FF468DEDD83C5A9B583F1B5BF6FC70851129230BD4E2E5713038F002B72860CE0D52B66CF4FE5A86845D522813A4C358EFF2114725978E43988E00275A04BED69847043BB09843176BB460D1B78090893D146E2027E1736FC8CEBF2C427FA0F08D7292B35A05F558E29E40BD572EBC5E15AD084CB1622D289F1108208CFF6373978249BB771D65E6EC55A4513436E19F983E8C6D49CFC1C60924E069E7912846FFFF5946B0DC488CCAEE5DF3991C87AE2A7D6332AB858CD4B11B3945CF4B0DB13CA51F6AB75459BB015A23EAE9148BF54ECC6BF144F1CF004287C774E891F40C0B12FA24F1416A24562327DBF8CDA23A333D2427FF04AC578FEF1F09EE395DEA92A0DB1A4DE6927D5543D9E89D5EE3CB5EE2B9551E4FCC1A708010496DE5556BFAC0D6CA5886F1100E10C99FD99381E4653E9B326B3F00917FC63136FFBF179291BE2911745BBEBF6346881D089B8334FD7E145D4D3724069A717761C041D9A26133A079F9B2483ED27AB385BC5A20471ED0148070C0161A90D9EF00D8974302B5A65855294165B02A23333CDE5088C6A25F4A3F9EA1BBEDB1220420CF51F1BE73F1F40DE33DFAD25E976D0557704D55E593CEF3BBD35A5D50543178655C4B96994C6DA4CD2A7D654055D2D6F63D1DE4BFB5F80BE2AB909C43597C77EE0651D0665CCBE69BD1A3AC162E7E9A530B671A05F7ABADB537FF83B0DC13CD25D83F5CB46C549B909C7520C6D93604AB8371FD29035252EBA868395B37F62A73457A2A52ED22FEB66464867E1D5E9FE411D6EF576E7929D15A343B4ADBDDFDB47774D93F1BD32E430E4D342F4C7C91122426C2A3B507340CA6F0DAFD52250BE7D6E3C5723D308C1353EA95F11480F807207C56C89819B66B7FD8093BE34057AE24F30AEEDAE1818C8439196F1800FB662407EE665A61FF207B5FDE38FB92BDE2B214339588656254BEF17963F0E003E3A2DD133849FB137B27B0B6EB44D47A0AF3F707330471138E014D4646A02A494076EC67CB9A933A66DD572EEC766284819BA3B79ABCC8BB039F94D9DFE5BBAEAF7E929B2DFE133CA5CF3089F11384D8DA482D398164ACE2836D89A770425E2324C7CBB1D0B6E976DAD7F30224A6507061EC05C8F6DF430859FEEA92E0FAE38BF059DEC24C844A4A9717A15CF9AFA07CF495D40DA5BE9D2E2AC36B54260DD2DA4C2B750E9226DDF856A39A21781B4BC0BDE8AA1C80AF84123190687BAD770518FA3A48AAAE88C06DBA5B843160B80C2F4A810F0B5C777EEFE5E7375D77749130C3FD8AC61A074B1A25DECB982745199D2FD186DCC6646AB6609EEBADC737BD83BB9CF02FD8669830DA1CBAEBECDCFB0636542873A3BB5833588CB8B329DF0843126C79D59C432F98B8B310BB092F7BDD8E4214AEDCB7D793C80F7E80099FB969D90A40DA6B0D933405CECBB5F5849D5A5B6A744D444163CDF50899F10F628045C785422CC10DAAA6C0264D59B448F00ABF97538264530E8AE4D886300748E1A80D77E64505C6706828C020896E794884E0DAD0E3437FC0B420F0EE6DEE4E73B68BE94D9CA3073A1DD9CC68D9B14F58E58FE52EDB6A3D6EBD8020366E62B48AE79A318DCE476139CBBDE656AE3E060D27CF842A0E06506F4ED19E7E593E12B9FA60979165C143C0BAAFED93A989C78861FB825B4E245AF53CC4EAEABEAAD8D78B9C3530D629CA0106A3E540671953F26E7768A824C672141AA0C4CCB270CB71223E2B6A20C178CA307594B447078F45B60F278B3F10B4FB07AF54FF5DB4006B8ABCAC12BBB4AD39256EDB4FC9E53E7B6C043D5AE6FB7C34447E0CF757CB77B3D5939FF6E0657866650CCF0268709DFD17725DF45F82FFBA0CD82CAE77E1F6C96D4A659BF9260844B1983905FFF87469DB4772763BD3140EAD1C8B72077528227061E0DDB85C7F168D52E8FDC3C82276AA68EEDE8F30B05805B391C071479911C5D2A6ECC832014778607D5B371CC710D72ED6A367F5EF47EE1F4941549D187FAC2933C61D97D7CF5AA630EFC9E5F97A9B47ED44BABE59DA6E13EC0457BF249CC53BA54D5EE5E5514DEA9E6CA59585E8A03E06019560541C8624EEFE59AEE572A2E9E715F45C85F6C83989DC5A0DEBCA16FFDD0A319B6E064B6BAA162689A85559A0B5017F27CC1C90F348AA47DBAD6EA1537CFC65D591C58BDDABA304A3A26EDCDA648DCD4F68011A87A04C47FB07CA1D41CE0D09E42B4E8ED388E06CC51FB59ACF4A2C41547C885499072192DB6516F7F86DE29D28CA6BB13431F242B89539D96D6BFE4C5BEE2BF718C77C9BF36D01498F9BF4DC8AB2CB9711C625E7119A7021DB54E719B6525CC58A3486F1894082EFC12C1E810C0FD8BC4621C7C9C6AAA9678F6B8B549602A466F2311CF31A6BFD4D3DCB50D416EDDF54A5394613776B8B074B4DB39AA65626204E79609CD6E19B1ABF7644A61C06066422723943D8A87959DD889A953CBB6EF7A4F41E651AD21DD279FFC88E9F31F1BE8A6E21C42BBF863C5E570C1421B297D2B05844D26FC46ED85312B427A0F64F5734098C50A0A2F603D36E6D9B8731A1042152153504860655F29FB58781063A05910E64C2515125E4B9A30AB1F4261903E41D44A0CC938CDEF8CEA6F44E1F1B0B091995097E0AECB4EF4649B8D9DA8FC6288088DCEAA0F249F3E5C1F71DC25F90312C4ED8193F89D05A7D4A6C55B5A23EA301B687E160AC65B3BAD0544C1ED73E05171001A572F3ECE8F18AB17B598D8691E0779C14F8F7AA29D8044EEAF3AD7EBA03EC8E560B7B13DA999E1C1D46FEE1226C8503130C281472C4815BFB7BBCD63DB08DC08BFD9F7D22C446EB589E363E7E7F145AC0F56DDF41FB13416411AFDF656FF0E301BA8922D7EB3E71D1BA9C6A63A63F5D279BB7610C56763E13FAB3D163F6A7F62AA0952F1E5D37FC6492FB7B34A4F4D9006FACBD270697298AA662EDE59FB30323DD4D7DA6FAD12FAFE20A9A91871A9DDF9EAEF255D3D4274394F96F80ADBB9F83315ACFA6179350B7848DADD31B46393D4011B9214EECAA1380C105C9CF9585CB4AB3C0FCBD8C4C9ECEDD3A0C23C69A11F8050271F0E01DC651C6D47DD10D3653F5D98F5DAB19F671F8FCDC60BC00060F26C8D26964E3C79B5B0472C5CFF8E7456C0476BEDE250A5BA5FA9AD0B6F5CA52B82BFB2A7AE330BFD9077EE574C595E4426B411A1FAACD3696C681165DEA6DA31A29F8291F88510FE206C8756C430DC0D09BCEE57009B3EA46C7FEE131DD3D457B104404F3F9BF427930FF32C160D18411A9355E3E0C2729EA6AB16B16B14F61962E6327FE2ABBCD93FC2F199C0C16EE168F75ACCECA377468982E470BDC0C4C3EB82CD1B9589D0B4A38C5233AC47CE249F5128A64FD83555430D2FCB74DC90491FC618A95916CFAE5569FC1943C361B60AFFA82CE40D276366359762662CECBE29DA11243583DEDB91A0D3A52CCC133B258549B2376B6FD86FAB6882E7EF708EE229150BC18EDA469774A12385310FB7EDCFF75659D55C76946EEEB78153D058B5E724F8FC95ACE7E381A0A3B3CD867851A33F3536CA66677476D608C3982192E913B47C64A8DD0A1BFD51A3C1331E3B18F9554C377A6610A32CC65D3B0E24D2E0906D947DA47A861705E08CA291CCE5005A8DE94FE2C7215FFAFCBB2F970C810BD3A3DC642E35801ED327097D6B56C34121137761F757A908455FECAF6ECBAF614BF20F00B1ADBF340B8F86D3C7497CB992724C90A1AA57B6D8C6D6E1B7CA1B99716CE6CA6BAF23ABA3F4671A68CF98B67EDD6C0CE24BC3E46DD5AA909CC9267D5932562F13E5EC48B87355FB0379FF7FA51B0F917AA4D249C54866EF29669F4F2FF5515623D2BAF41E6DC5BEC930CA155F94AB3910E00EC97013B8F1155E825F431AE5DDF4649C419BCB0BFDB1842A7B715D533D08048DB7879BE7E1D3AA38E81F7051C071246D2427C497D0CD666C08C9C6C9CB238B9C14E82CFBE186646AFD0CA4631C3D5651C24901315BE7518CC7FD6FBF23A055142607131554A06172181CFA3B4448162E7EFF9B37938EADFD3C723FE00DFDF3FBE6390A251512FE637AC0F67E975B316B8E7B6F0B985A17434DE92B04C7DEB230ACC39F7343C8A0773A5F868D1559D19B6802E7B74FB35C855C1597EBBDAE8C5738F0CC0C5B4F45CE9245084C26E341306780BD089DFDA663EB0E6B071F201EE7DA85F99BB90989A1E8981B16F853C6A17A506D3FC336F5BC57FAA5BC18C2455D709B2780B5A91463810A082FBA2C15044D892DA46214C38316AE0C45B74003C9FCBBEF04C59D62A7C4BEFBB510D9C99483A35805E6443D601C1BB16018C628D4422CA05A3AA78E3F073AA4E6D2B9A9358BDE7BF5183A212A0DDD768C4AB2C029F467068AC595F4C68AEAD05F66EE83750F29BF6D85B6883E5C9E5902423116D41CDE4CF1135FD3ACA5A4924D6DDF11EE95E19B8AF213EA4BA328399E4DFD2D8B9D4FEA5A988FC29F4E03083FEAED83164C1AC0801444677F0D3E0EE7EF262F90858412095266A8E1BEBFF549743CDEDB7886BE266E29DFD3C6F1CC16D1F7C1A0514913D9C290417CD1CC89BAD959F1887778A467D638AC859B9107AE80B213A4D5146D46FFE55CC2E2D26074260622DB403738A069659CEACC26BBD66CEBB2929A89929B09EEA4E6F6B41DC13F0FB3277EB28DF0F5EE2C2805F245E84760F29F191A4B8F3E336CA10FEC588BBE7B2227637ABCAEB78A1A6787251C16CB4A715E981B1DC9A08C7B40A7A82E484E842A09C6ADFAD94DEB7A852C080B356D5E86F499062E7315592BEF2AD83D4EDB3BE6951C24E6451AFE60F014FD8A13A6CE5A5B95F3AFA0BE0BC4F6063D4106440A51C4E79D1AE5CDA8F468BB13F302922FDF1CB27ED53CF60085B6FA651F931953857C0D14D32CFC58CA97F683953E09A842F7153705C812563247D021CB088AB2CCF3D499F1D282FDB19828D7A87FFBD458C1796BC70393C967ABB7D2D46628342A51D3B4CAAAB223028C0DF1A676CFCBD5C4B58E40B536D537EDF4DCC1F716D9839AA6D406F23DD1F625DFD66896056F82961EF34A1AEE32EB8E17DBD38C53D52AA98B892504E3AF09B6E06F8EE94025051BED4DA6FCA3DB54E7236940BC08C32E7CAAB3CF32CCDC5EA6BCD86884B02673D20F7CF5578801EA923264E8B596419029677BC1317F2E1837CC7DA2EB2FCB7772B3977754D9A1BA6548FF217DD96FFFCABD8D5A91DF670E14BC29A98B1C0907C8D94C4C8014E2B24F4223515F7E71AC2043A8A13B5EF55242C9726E70481535847A19C31CA0E01E7253E548F0D60D4606F018A744EE0E5793DBE6C5EF481A5300EC59A791F507DE46EDF863D1A018E07A50976FE7ED33F0E88F86A2DEDF8E0B049BA85781FADAC78CAA3664F6683D912FBD23ECB812D4C970097212F8FB885D9DD5E1E9A951AE880951CCDE005F35886AC6463C12AD48CE988AAEAD40AE4FCC828574E992A91CC7CA6ED62D3F32C36CF653B0C4094DADB9D5B880B75A3C878508CE4EAC49938AABE8CCB21B5CB4DCFE0FA006D2FE6AFEA21C55072B93CC5C9D36DE148F7293A9E156CE6B7A7054FEC574F458E93F68F30C12D1E9AF48038FD9FBBF5A7C2DA7FD22821BDE5F7135CC2F3979803325BEADF13194FE0C8BF1CF5372487A8DD754FD18940F5873C2031C65BF1C4D8A149239E9BA490EFF0B00522677485E8E3451E712E4EDB9F9DD79265B66D2B1E6C7173747F43AF53FCA0A6D07E3E0DE979BC29F364279C2264B5DCF92423FCD8BFE0C783036B7315D9E6517738A103BCF74C98E8E27424967005D9C985A44589B2B778D7F98CEC9160E36514D69E293AAF01945A2BE191A563AC9CFDB4C5BF9B5E4A13298FCF670366D9E54B7F7268A8AA2DB79731928F43D3CA3382EFBAC66E54AD733B329F6240DF860CFCCB327A19E7D2D6F94953396197D844712A8AE678F0BE18EC2F9EF88BD17BBC9FCFA74FBE5305D80B8800358D86989ED176AC38843A34AAF1A23902F58E2987249C2B97C85BF2313540942E056378747DE21FA49885A923974B6BCF324DC11D94EACA03D7F96357E9C29D18181AF2BAD90CFBC69932597CA7CFD29D60C183F576541E69EFD01F376D40EC12D3E7353DC4AB567960B51F5B85E9ED9AEEB026F78EDDF8D20C84DE42D2F13CE8844DE23528D9907C89B589B2C6F3D14B34B6934AD41C11120D15A363CE764C1DF1BECE7CD08F0111663496D64A94BB419C6BD0CEDEF9629336CE4E4DF1B2C0FB8CB205C53F694F6CEA024B146001A0B5FD36D444765046694B8316CDEE298B89ED176CC39AC42B83318F7177AF34014BFC2D1C06F35FAF1E0AB8F0BE692B8F76C081D8A0E28F33D475003E3BE35B8FCA0AC3DE8DDD5220BCF1952091E9511A49C2EE473C8B8632DB16D551912B9F0CF59C04D5DB5AA874EA19B9CED8A0961227B4D07904F86546CC46BBAA82AE7B7FAC9813B1AA06CD88F2DDFBA2D56143E6C692A618379074916A98A76759D4F8C0CBDEC753183A2F704629506BBD631B221E948F0E3838ABB1799D0C38F4EC83EBFD6D89745FBEB29799FBEC607F79B4631A167B8791A1AF6FDFE199DE79EFEE3D885FF78FB9EF8C4A574DBDF5FC092A7654F5C49F14591E43B0044B4CE6F725A3E86B23C8FA50FC381B5BBECCD016A2310D5EFD7D861BEF37107D55758236393188FB12747335D70DF3ECD059B6F4896C392D2C1953C88B8A9CFA70BD2DFC4DEFCDE282D1B14FB5D5CB02BBD83836B0508898CEE0D8B4D64096CA93CFE424FD7501BEAC98AB13B9EEF11A30DBC9C3B83374E67C8FC50EA7CCFAEA98FB9979C5D1A877602DE81F9817BF0FBE9CCE06D6C12646A0C1A057AFAC75815AC098404379636F5D7495225803A5902395CB42A815256B7C0876ACF85134370425EAE422D726B9165B43A0C032B246632F1D7DE79FE629DDB834E5AEA5B4A640EC70B7043E9AFAC81A0CA93152CFDC9E79B5E0DC581FAA1F8AAAB51D617A026B963252B895D223E1FD7597D021B538FAAF759FD7241167D9EFE53529434636DA8CCDF08EE77752097BE8DFD45A5457599E188F1A5B8C56FC3406B56D1F40840B7D173F0BFEF40497B28302B3FD824049AA58050238A20E8FA19803A989ABF9931AE6F0B2FCB2728BA7E8A5A3864AB48199A9CC0ED2E9922BA3F98FA8A731CF9D4565127101D734CC30CB2B4A17E838BCA2D633DD310347B97397F95FC46800BBAB9DC4E256C01630EA3B061725E0C412F6F39AE4368446CECF1AC9DCA8F4C3594C44899EA81A1ED4EA7444DA75D8A854301CC0C22CFE4C2D259BC8800BA051C991B4FCE4526FBA0ACE0DF9CA2D890B3CAAF52CDCF3DD3ECDCD643C4E9FB5193ED8CDA10910D47B0BFF299DE006F901CD99F8964CB1A5F9461DD10B50EC9318CEC601C46C0021069C7530E7AE26B4CB00631B1CCFC4EEDA62CCFD1C2BAFD7BBC5E7C28494B362F03A135806A85A7B48C07E8A703A0BF158DB2539B6A8124325E24097F4E99D8AE7B3B48AEB50675F6897E35D79A3CFBBB8AD06D9DE7B801F500C542F19FEDDDDA04220FCCB0B4D86B35411F9A43088DE46572D05D6B339E23782D9AE2F5819A7D87993912F52FADA74170354C585DA4555D33E18A18CC5F75516D54FC43B49BD1B8E385B5E7BD194EAB8DE5B80ADD6DF1E0E224F8457616EB631A4F21FBF5F982E14911BC2C1686C0386B610E2EA208635062A9783A31C1FFB0038B2F8ADA6F62658FE80C0028B1E808757BFB9942F65CB08B17749A2EEB1CD60CA13EB03D28810AB6F3D7158558353772340055510C8136724655053FDB0AF78D10A7D2AA0B587084C028F342561A57A933358ECB04216923FAE59A8633CE1BA68AB51AC1282136B805BD8E014E8E205C0BA77E130CDB6555689251C98C7A4F9F8672F336F647155D72F09EABDAED598095BF63EEE38678C48E4E559B17447D6BCDFF046FEE637E5503446E2AB18F31416C20BF11BF179349BFA0A17D06B3299D38D14EF4EEE5E0C89D1E812857D3E1B23118EB6CF563A9C53FC713FE3634992E867B7422EBEFF72BC62756CDE17892AFC0A3DD27F13DE9B58874D45E40D348A1047745E538109CB42B7577E47E455F09185F1C7DC3B1E848046BFA69F2C5B9F4346E1D848621AAFB9911A5FB78BA00A9BE25369EA1998911AA781ED4E622D048D0C77432A47CABA7CB1A1E1BF715E309579DDA6F1550959826ED72E505F00AB6488CCACEF30FD1A22F7B4D9CED592AB3559280416944BA7481C2BA92DAB351B62DA9EDCC3B80FFA4678DF5DB28C7A96D5F5A5F381F69371D9CA207EEC75D1389968975F00675178F07D8E30E228921F2E4F1003A71650F74A0AE5CA83D19560052D7DDDFB240BF67719F6CCB078C128B46E1687E90C19343BB6F31C49A784126585CBBD6395FE1EFC3F4324AA6BEFFCDC655678E3915DF3941E86D8877149B65AC072BA2EC9BDFADB5B9ABF9386E7AF4CA61B157A2C5F6581B5AD0C05F6629C35F7570283D330F96360E3DDD1469CCB92EAB7E294623F29A154BD6AC0F7D3FD9EA0781D63732421F2362A2943358F34AA8D98DFFA4490248A83AAF2A025BE5AFA07814C817E049D01BE3DF11C3B9939306B2F4374C905A498DFABCAD874683231A13F52E966618B50C3E4335C28B5BBEB108DDF5FF163E57DB2A2402C443EE16516BF9A2AFF31CAA210C69CAFE959A1E8A7B23A55B7CCAF12BA23F4D948643BC6D8E670C4102EA6828E3B13AC01B6483171EB2065FFFFA535551D0B993C909D24C4A5E1E350E3C02B80AA238AF3ECB23063E1353F074E0DAFCE429D7BF928DC5C0A2FD4AB18CEDAC61D7689F8BAA64FEA5E0473608A431483FDC0AD21A567B6FF6EAE81247D381C8E07D53B83ABA9DA1CA7C0274F0D237A8CD96999366CEF9B915E36F69BD7B6A4B1F9DB691CEAA346EB5EC8A0C8607965BF4FF6CB6FADF8AA984025E7C47E51702283605C25504599AFDBC527AD0B3797943B9B7E91FD001486DE898FE26E111C118EDC6DAADD010A8C29ADC0FF77D02C10E6AB3089CD488E352842F2C14EE4601F4D6C2366BA2F1A42BBFB0DE6F649F7721C7A7B9AA7B4EFB67E228B5CD7658C305382914D08CB24F92DE888A8FADAE00CB3F02792C77D26F5AF94D, CAST(N'2020-10-14T13:59:41.543' AS DateTime), CAST(N'2020-10-14T13:59:41.543' AS DateTime), 0x88921764DD306099DDD2FC93FE9E0AD63923B154FAA65B156178D347C00FEB524EC869A3C635C25969735DF2E3E3892AEEB7A72F0A91706934F7A2728B572D84EED44E1F039873C14F1EF00481DEFEE3)
GO
INSERT [dbo].[Note] ([UID], [Id], [CaseUID], [EmployeeUID], [Text], [Date], [Updatedate], [Title]) VALUES (N'a0e94c04-4e0e-eb11-a19d-e0d55e449910', 37, N'66b7af08-8ff7-ea11-a17d-e0d55e449910', N'2be909c1-fef0-ea11-a174-e0d55e449910', 0xE14F6E0F6449F8776329134C5A860663325597104F669545A7CF529779A524FCC138EFC22EDCC02A92DA39551DEF95B4036191CD98F90D59C1CEA2F89F476E1D686613B6F62119A079C3D6DE1BB989BCE5A9B0A256003C587D0BE787CC26A230C7FB24560A1DDE72AA98198846C60611A50C1928336DF6D2B26ACFB9DB23305DC041307D8E0AD2DF74BEECFEBDC92EA4F93F06544310FFA9867D15E10B9347AA9962A90FA03A0D8B6F09FB03457139FBA22221B5D447F621A43127B0CDB18BE52A339F29ACD89E4C5B0D1E3E2A9235C825A6CEA08164ED9E95EC76234F782F533F2D99446ECA27E0CD93E53656D02DE31F24C4A6A9CDA0DA983C177EEA86457217EB2C028FF54D824A5946743AEF6A7E2BCBDF0CD1709DB49DB6D42F87897E55F5CBBAC3EB31FF5F48BCE98F70E9BCA29BA5DA5593DCB179FD13C565CCB76E57CA31DB86391AA9F9759C6C797E0B34200980E6F86AA01D7D97ECF6FF88C4CC98B39DC78507A8F5835EEC97E0E10A4C49576FB5E2D856FE266CADDEA7A438FB6C923FD62F62E58FD79489579640F8A29CE050B6AFC1BA952294522D68644360F911D2492BF3B28F45CEEC79A4013F82890FA76F54C0CF2DD254D486D4F9F0CE098839DD05CC827BDEA468C86291ACCAB0637FF0776075CCB4CBD28DEB86163FA79B94E80BA0DD318CB603E930E068934CDD3208806896D01070FFDDE7BA14774547719467C5664BEC27B587C053F18426AFB9B0536A013D512154A8916C75BD4B12F57745EE2738FFB8C86CB1B4D44A3E1F0DDB2E50E8FF855679011290D08E6D008DB0802E354A96754E1CF1781A4DC42247E4E38C49A64DDDF3F2F20EC85CA73C4BFCFEAD627F9DBF000031DD98BAC9099EE7161368AE150D3F375628839A2C3E0296C037A5F344B5F3839233E6C1FA0AE6C4DC4184C357FA5076CD77C5427384735ED1189CB567C606FE91ABB4B86A0A4906C35F38640B95546A52EEA685CE6565F91E9AC8E300C0EEC146989AE84FE307A285A7E5A81A93733ADDA0B7FC43955F060F45A9E572EC6C8EC9E4657AF73D52C6202A2C96FC75A44E54405374C74A8BC3DDDD651B4CABA8E27DC3C7FFC5E02E99B2321D398D65CAC4D93AD37852128542B57C614A1DD0824FEBD5BA492B4EA5FC5D8EF7A57C088C1D908DF90166BB9C86D13813366C285D49B65421F929AA01FAD56C3D0674BE334FA82895BBFD, CAST(N'2020-10-14T21:49:41.720' AS DateTime), CAST(N'2020-10-14T21:49:41.720' AS DateTime), 0x38E9817A6AB33DE1DFE725AA0A41F9A852E633366CDD80D72DB5751921D78C51E3C3125CD3DD721DFF258CC9A0AFFB7D)
GO
INSERT [dbo].[Note] ([UID], [Id], [CaseUID], [EmployeeUID], [Text], [Date], [Updatedate], [Title]) VALUES (N'325f703e-4e0e-eb11-a19d-e0d55e449910', 38, N'66b7af08-8ff7-ea11-a17d-e0d55e449910', N'2be909c1-fef0-ea11-a174-e0d55e449910', 0xC0C22688C9439B4D7CFDEB4168EB9AFAB940FD16F6B9BBF7B1F9DD43994BB599, CAST(N'2020-10-14T21:51:19.210' AS DateTime), CAST(N'2020-10-14T21:51:19.210' AS DateTime), 0xD274375C557734FA08D604B05E93127349ED6E53BB6D97DFE3EE66A4801FF9A5)
GO
INSERT [dbo].[Note] ([UID], [Id], [CaseUID], [EmployeeUID], [Text], [Date], [Updatedate], [Title]) VALUES (N'bfb7934f-2f27-eb11-a1bf-e0d55e449910', 40, N'66b7af08-8ff7-ea11-a17d-e0d55e449910', N'2be909c1-fef0-ea11-a174-e0d55e449910', 0xCA1BE0FAD6A971575FA886F1F6B396CD2EC99E0D2165F6FABCCB6941BEB3DB05383FDF918B103C8F665E8E100155241D, CAST(N'2020-11-15T12:42:52.637' AS DateTime), CAST(N'2020-11-15T12:42:52.637' AS DateTime), 0x448464F92D2961FFB6B0CE51F5AFE70E040AF5637C97D36922D35D56F2A4AEE504C69258E8BACBB84CCD3176BCDAF84A)
GO
INSERT [dbo].[Note] ([UID], [Id], [CaseUID], [EmployeeUID], [Text], [Date], [Updatedate], [Title]) VALUES (N'2471a442-c32c-eb11-a1c5-e0d55e449910', 42, N'66b7af08-8ff7-ea11-a17d-e0d55e449910', N'2be909c1-fef0-ea11-a174-e0d55e449910', 0x2FBCF9A8AE352A4B19059398E3F5143A9231100D3B275521B5B7EC0F3C1305D1, CAST(N'2020-11-22T15:04:32.307' AS DateTime), CAST(N'2020-11-22T15:04:32.307' AS DateTime), 0x7A0747F185DB9FB61C10CD030C0ACDC08B905EC5BD9A29572AFD15A5A5AC6AE446F6FAE5709844FD8A794D39CF01D807)
GO
INSERT [dbo].[Note] ([UID], [Id], [CaseUID], [EmployeeUID], [Text], [Date], [Updatedate], [Title]) VALUES (N'bb76aaf9-37d7-eb11-a2ba-e0d55e449910', 62, N'97b467a2-ddf9-ea11-a180-e0d55e449910', N'3eb10730-86f7-ea11-a17d-e0d55e449910', 0xCD7EC70FCD2CB3324D46BD1580351306C79642980B1CA9CF28B8A0CC86D55E3F, CAST(N'2021-06-27T14:08:18.613' AS DateTime), CAST(N'2021-06-27T14:08:18.613' AS DateTime), 0x25697F1E2E0724878A5000918B543F193F28BCB785A3DCA599E8DF94DCA80E41)
GO
INSERT [dbo].[Note] ([UID], [Id], [CaseUID], [EmployeeUID], [Text], [Date], [Updatedate], [Title]) VALUES (N'a1c81202-38d7-eb11-a2ba-e0d55e449910', 63, N'97b467a2-ddf9-ea11-a180-e0d55e449910', N'3eb10730-86f7-ea11-a17d-e0d55e449910', 0x30903BB89A455C9AB722D180D8BB129962868B409F396BEA7E6560B0B9C104B8, CAST(N'2021-06-27T14:08:32.783' AS DateTime), CAST(N'2021-06-27T14:08:32.783' AS DateTime), 0x4DD857A26E60468DB4A5DB826D2202CBA1CA0279C2893053F4A88131380CF334)
GO
INSERT [dbo].[Note] ([UID], [Id], [CaseUID], [EmployeeUID], [Text], [Date], [Updatedate], [Title]) VALUES (N'01ad4c13-38d7-eb11-a2ba-e0d55e449910', 64, N'97b467a2-ddf9-ea11-a180-e0d55e449910', N'3eb10730-86f7-ea11-a17d-e0d55e449910', 0x269D6E99456D91572210757E02D15B28EF8499AC75549E923B5AFC7B62BDCCB6, CAST(N'2021-06-27T14:09:01.687' AS DateTime), CAST(N'2021-06-27T14:09:01.687' AS DateTime), 0x1834232C1C82F090B6C4CD51B81C08F8B7085BB5BFBBBFF5FD29D9F6959D865B)
GO
SET IDENTITY_INSERT [dbo].[Note] OFF
GO
INSERT [dbo].[Invite] ([CompanyUID], [Token], [ExpiresIn]) VALUES (N'b9b20a18-a3d4-ea11-a144-e0d55e449910', N'sh18SXJiWFHmhnB3Y89esaFaPO7ShehvsgnG92276ME=', CAST(N'2021-07-07T23:19:28.547' AS DateTime))
GO
SET IDENTITY_INSERT [dbo].[MediaFile] ON 
GO
INSERT [dbo].[MediaFile] ([UID], [Id], [FilePath], [NoteUID], [NameCripted]) VALUES (N'2106a558-cb5d-48a1-876a-0794993cb281', 39, N'Files\2106a558-cb5d-48a1-876a-0794993cb281.jpg', N'325f703e-4e0e-eb11-a19d-e0d55e449910', NULL)
GO
INSERT [dbo].[MediaFile] ([UID], [Id], [FilePath], [NoteUID], [NameCripted]) VALUES (N'16d18d93-f9f9-44b6-be44-108a100d3ea6', 44, N'Files\16d18d93-f9f9-44b6-be44-108a100d3ea6.jpg', N'325f703e-4e0e-eb11-a19d-e0d55e449910', NULL)
GO
INSERT [dbo].[MediaFile] ([UID], [Id], [FilePath], [NoteUID], [NameCripted]) VALUES (N'40d718c5-a06e-4ab3-bb00-3ff747184ef9', 40, N'Files\40d718c5-a06e-4ab3-bb00-3ff747184ef9.jpg', N'325f703e-4e0e-eb11-a19d-e0d55e449910', NULL)
GO
INSERT [dbo].[MediaFile] ([UID], [Id], [FilePath], [NoteUID], [NameCripted]) VALUES (N'3b92a246-d91c-4222-9f12-476b0b4f18e3', 41, N'Files\3b92a246-d91c-4222-9f12-476b0b4f18e3.jpg', N'325f703e-4e0e-eb11-a19d-e0d55e449910', NULL)
GO
INSERT [dbo].[MediaFile] ([UID], [Id], [FilePath], [NoteUID], [NameCripted]) VALUES (N'91e82580-4ea3-4d27-8570-73ac2cba821c', 42, N'Files\91e82580-4ea3-4d27-8570-73ac2cba821c.jpg', N'325f703e-4e0e-eb11-a19d-e0d55e449910', NULL)
GO
INSERT [dbo].[MediaFile] ([UID], [Id], [FilePath], [NoteUID], [NameCripted]) VALUES (N'27307b44-3b7a-4118-9d97-cc019477072e', 46, N'Files\27307b44-3b7a-4118-9d97-cc019477072e', N'bfb7934f-2f27-eb11-a1bf-e0d55e449910', 0xD3F575E65D1367BBE86D63B3C0E85FC6B9EE7A222A3B3EA479081993455CD346CF54749D35A0D8DA962B95A4374E16C8C4707BA043DF6FDAACDA78CD6BDF2B16)
GO
INSERT [dbo].[MediaFile] ([UID], [Id], [FilePath], [NoteUID], [NameCripted]) VALUES (N'20619fb7-38a4-4513-b127-fbe8390c1d0e', 43, N'Files\20619fb7-38a4-4513-b127-fbe8390c1d0e', N'325f703e-4e0e-eb11-a19d-e0d55e449910', NULL)
GO
SET IDENTITY_INSERT [dbo].[MediaFile] OFF
GO
SET IDENTITY_INSERT [dbo].[Auth] ON 
GO
INSERT [dbo].[Auth] ([Login], [PassHash], [Salt], [EmployeeUID], [Id]) VALUES (N'qwerty', N'885CF853FB3F40038D2F0545B71E1020C63FC8DF739CFF5777782A09730C36841C6B1B7B143F07D6AD1BA7498C5BCE1D43E02EAD6E8B0287738CF10365A91233', N'B2788E6D-4', N'2be909c1-fef0-ea11-a174-e0d55e449910', 5)
GO
INSERT [dbo].[Auth] ([Login], [PassHash], [Salt], [EmployeeUID], [Id]) VALUES (N'qwerty1', N'01FD1E1BB0A59901664484A42FFBE9DFCDDD8D769C30E2199DACC24D9B672791CD7522768DAE3468BD9B9932C59A4A85FC872869769903F1E22931100669D82E', N'F8AA4DAE-23A', N'3eb10730-86f7-ea11-a17d-e0d55e449910', 7)
GO
INSERT [dbo].[Auth] ([Login], [PassHash], [Salt], [EmployeeUID], [Id]) VALUES (N'qwerty2', N'1C5E2DFA769D2A905923E5C7EAB9DC016549C117BAFBB1B3C46A19ADB84E7B6C4553C179807AC9434372887CFFEF507F3EE557DB98D43077BACF21579010C0CD', N'D0145052-E215-', N'854c72a3-86f7-ea11-a17d-e0d55e449910', 8)
GO
INSERT [dbo].[Auth] ([Login], [PassHash], [Salt], [EmployeeUID], [Id]) VALUES (N'qwerty3', N'764E5A621B4ECFBCF30DA192D3E865C0E23DCF17E4B0F6BA761E22E096119408F44B7B1394B21E03C06C1B6691684EC517FDE919BFE6FA4B19E7D86512592128', N'D6DECF9C-7352', N'de18a726-87f7-ea11-a17d-e0d55e449910', 9)
GO
INSERT [dbo].[Auth] ([Login], [PassHash], [Salt], [EmployeeUID], [Id]) VALUES (N'asdfgh', N'D1D58B5B539727D0CF9E38D896A5F1602C023C32D967B3D1F3B3922B5551D023154C5A22385813F9EBF9A017D184291E16D23D34A9BAD72A3C3863461036E489', N'299E8986-522E', N'47b3ec2d-88f7-ea11-a17d-e0d55e449910', 10)
GO
INSERT [dbo].[Auth] ([Login], [PassHash], [Salt], [EmployeeUID], [Id]) VALUES (N'asdfgh1', N'AAEE9FC7EA80E47E68EB1A802FCD04DFD48A004E1627BF925CECE04716C9020837A0486E6415695FF5B7F61031C8CD0654936DC15A8369317DA9FE3F8307775C', N'5426A75C-92A', N'afcaf9aa-88f7-ea11-a17d-e0d55e449910', 11)
GO
INSERT [dbo].[Auth] ([Login], [PassHash], [Salt], [EmployeeUID], [Id]) VALUES (N'asdfgh2', N'8F3AEED7311E62EFAABB4BE08D5ECF9831F3BEE03ECC6BA3F67CD4431D0C0738B4361E647B4D6987A6BB689C3A1110867225953D96F5AA6825DEF027D0316B6A', N'E9D0CA2A-45', N'29ccebca-89f7-ea11-a17d-e0d55e449910', 12)
GO
SET IDENTITY_INSERT [dbo].[Auth] OFF
GO

